;Extracto rico;Fe(III);nZVI rico;
Wavelength [nm];Absorbance;absorbance;absorbance;
300.000;2.806198;2.891357;2.860947;
300.500;2.819916;2.897659;2.84111;
301.000;2.819046;2.89592;2.856171;
301.500;2.81308;2.836899;2.839539;
302.000;2.797958;2.876465;2.818207;
302.500;2.781982;2.821213;2.809082;
303.000;2.791214;2.819733;2.828461;
303.500;2.781281;2.821869;2.819489;
304.000;2.764008;2.8172;2.809555;
304.500;2.802536;2.795639;2.78833;
305.000;2.799698;2.790131;2.777832;
305.500;2.775406;2.782928;2.830002;
306.000;2.813324;2.880554;2.899292;
306.500;2.800262;2.844604;2.829376;
307.000;2.803452;2.85733;2.870499;
307.500;2.837769;2.846725;2.848907;
308.000;2.792007;2.856384;2.831085;
308.500;2.783615;2.857758;2.833603;
309.000;2.765625;2.852829;2.817352;
309.500;2.731766;2.862228;2.836029;
310.000;2.776642;2.770096;2.785263;
310.500;2.756134;2.787933;2.785873;
311.000;2.766861;2.783691;2.798477;
311.500;2.767792;2.811188;2.751251;
312.000;2.770081;2.763763;2.753571;
312.500;2.787018;2.788422;2.752792;
313.000;2.820313;2.730804;2.730194;
313.500;2.799408;2.754181;2.728531;
314.000;2.777695;2.751846;2.742767;
314.500;2.732681;2.757919;2.769363;
315.000;2.769592;2.73613;2.74942;
315.500;2.77803;2.736176;2.788437;
316.000;2.802017;2.738922;2.757889;
316.500;2.766281;2.760788;2.74559;
317.000;2.797104;2.743423;2.717728;
317.500;2.815475;2.702393;2.744339;
318.000;2.756714;2.726486;2.752762;
318.500;2.761154;2.704254;2.719193;
319.000;2.75798;2.732468;2.745148;
319.500;2.760117;2.727325;2.710037;
320.000;2.755402;2.762085;2.720703;
320.500;2.747375;2.727737;2.718597;
321.000;2.77182;2.726456;2.721436;
321.500;2.759521;2.745529;2.715042;
322.000;2.77124;2.703384;2.762985;
322.500;2.767776;2.715393;2.718704;
323.000;2.731369;2.713959;2.729645;
323.500;2.776733;2.711258;2.701477;
324.000;2.804459;2.723282;2.70871;
324.500;2.723526;2.731171;2.748932;
325.000;2.795303;2.734558;2.733643;
325.500;2.773712;2.710007;2.747131;
326.000;2.761124;2.722244;2.69751;
326.500;2.742065;2.724319;2.69429;
327.000;2.74794;2.745041;2.717529;
327.500;2.782623;2.726486;2.69693;
328.000;2.745911;2.707214;2.72821;
328.500;2.740326;2.702515;2.73735;
329.000;2.746735;2.700424;2.723175;
329.500;2.723938;2.723816;2.704926;
330.000;2.694946;2.684174;2.723511;
330.500;2.735352;2.7341;2.739594;
331.000;2.736496;2.740402;2.730896;
331.500;2.75351;2.692398;2.724319;
332.000;2.716934;2.703735;2.715378;
332.500;2.7155;2.720245;2.724197;
333.000;2.702606;2.690598;2.741226;
333.500;2.744919;2.740005;2.719528;
334.000;2.742569;2.7621;2.699249;
334.500;2.731689;2.724319;2.719131;
335.000;2.727463;2.733582;2.728027;
335.500;2.703308;2.7267;2.725952;
336.000;2.70694;2.697693;2.672455;
336.500;2.738129;2.69371;2.707458;
337.000;2.70549;2.749161;2.702118;
337.500;2.727386;2.712311;2.681671;
338.000;2.717514;2.720215;2.715591;
338.500;2.738541;2.740677;2.73703;
339.000;2.693375;2.774994;2.711472;
339.500;2.713318;2.731781;2.700821;
340.000;2.682831;2.731979;2.682816;
340.500;2.697678;2.710083;2.674744;
341.000;2.688492;2.681946;2.689804;
341.500;2.649429;2.672668;2.708496;
342.000;2.660706;2.663589;2.682571;
342.500;2.665695;2.682236;2.660812;
343.000;2.704895;2.71936;2.678085;
343.500;2.647995;2.669586;2.667831;
344.000;2.637238;2.66777;2.681992;
344.500;2.655487;2.629944;2.665985;
345.000;2.664398;2.699173;2.680862;
345.500;2.64978;2.692535;2.667068;
346.000;2.658691;2.682037;2.648849;
346.500;2.662033;2.645248;2.656357;
347.000;2.651886;2.651169;2.635727;
347.500;2.675949;2.652557;2.675156;
348.000;2.674973;2.656128;2.633575;
348.500;2.62764;2.642914;2.664932;
349.000;2.624908;2.649841;2.654144;
349.500;2.615829;2.650772;2.668777;
350.000;2.634583;2.645584;2.625839;
350.500;2.638275;2.652008;2.652985;
351.000;2.64563;2.628815;2.650879;
351.500;2.646851;2.619339;2.625397;
352.000;2.663376;2.63295;2.653824;
352.500;2.632813;2.649689;2.645874;
353.000;2.628311;2.640671;2.631989;
353.500;2.640778;2.662079;2.652542;
354.000;2.618149;2.649292;2.638245;
354.500;2.640182;2.632507;2.621735;
355.000;2.621109;2.641983;2.63739;
355.500;2.633469;2.64975;2.636581;
356.000;2.622025;2.658524;2.636169;
356.500;2.614914;2.641876;2.63652;
357.000;2.644501;2.637527;2.685135;
357.500;2.644409;2.649216;2.646759;
358.000;2.646439;2.665527;2.645828;
358.500;2.611221;2.653305;2.634354;
359.000;2.64444;2.656403;2.686462;
359.500;2.638794;2.641373;2.642319;
360.000;2.630188;2.654572;2.630661;
360.500;2.647064;2.613464;2.630615;
361.000;2.642212;2.631256;2.637177;
361.500;2.647797;2.645599;2.662155;
362.000;2.645935;2.658478;2.650635;
362.500;2.631317;2.67662;2.670334;
363.000;2.623199;2.657364;2.657349;
363.500;2.611847;2.649857;2.620453;
364.000;2.628555;2.654938;2.652817;
364.500;2.640549;2.657196;2.642059;
365.000;2.634827;2.615204;2.665375;
365.500;2.595657;2.604874;2.606964;
366.000;2.596252;2.59491;2.61731;
366.500;2.613373;2.596466;2.601929;
367.000;2.599991;2.595306;2.604736;
367.500;2.610474;2.592072;2.604782;
368.000;2.603577;2.612808;2.600739;
368.500;2.598038;2.58754;2.59256;
369.000;2.596252;2.584427;2.606201;
369.500;2.599014;2.613831;2.603241;
370.000;2.596893;2.602066;2.601624;
370.500;2.611786;2.588943;2.600388;
371.000;2.617081;2.605515;2.599014;
371.500;2.596375;2.597702;2.591217;
372.000;2.592407;2.578781;2.584686;
372.500;2.594284;2.590897;2.604401;
373.000;2.591736;2.597977;2.594833;
373.500;2.603943;2.574966;2.593521;
374.000;2.601074;2.588867;2.594849;
374.500;2.603867;2.578308;2.58989;
375.000;2.605118;2.573105;2.59491;
375.500;2.600967;2.585144;2.589706;
376.000;2.605545;2.568542;2.565857;
376.500;2.598251;2.576447;2.580841;
377.000;2.602844;2.598328;2.582657;
377.500;2.590286;2.579315;2.595581;
378.000;2.59169;2.573303;2.57811;
378.500;2.591965;2.56987;2.57872;
379.000;2.612274;2.596024;2.577805;
379.500;2.598709;2.595367;2.588882;
380.000;2.5896;2.587494;2.582855;
380.500;2.596588;2.592377;2.571548;
381.000;2.606857;2.583038;2.574982;
381.500;2.594101;2.574722;2.585434;
382.000;2.591049;2.58493;2.584351;
382.500;2.594238;2.581528;2.574814;
383.000;2.600174;2.573288;2.578491;
383.500;2.590225;2.574707;2.579025;
384.000;2.598648;2.571945;2.583984;
384.500;2.601395;2.577881;2.579254;
385.000;2.587204;2.584351;2.593124;
385.500;2.587494;2.585999;2.58902;
386.000;2.587387;2.582199;2.573212;
386.500;2.595261;2.571869;2.580978;
387.000;2.589951;2.575607;2.567902;
387.500;2.587418;2.576172;2.572922;
388.000;2.59729;2.574936;2.5802;
388.500;2.594635;2.578995;2.585693;
389.000;2.585419;2.575775;2.574753;
389.500;2.589401;2.579666;2.577484;
390.000;2.592041;2.574249;2.56955;
390.500;2.601593;2.567596;2.569611;
391.000;2.596237;2.576508;2.572311;
391.500;2.581009;2.577789;2.574677;
392.000;2.590012;2.56781;2.577377;
392.500;2.591003;2.574661;2.576416;
393.000;2.599136;2.580368;2.574371;
393.500;2.597443;2.578003;2.578415;
394.000;2.594315;2.578598;2.57132;
394.500;2.600235;2.567841;2.576614;
395.000;2.589844;2.577057;2.571487;
395.500;2.590637;2.576599;2.569763;
396.000;2.59021;2.577393;2.567993;
396.500;2.590866;2.576599;2.570541;
397.000;2.59436;2.58313;2.56459;
397.500;2.594299;2.579605;2.569016;
398.000;2.590363;2.569656;2.579041;
398.500;2.59166;2.575653;2.576187;
399.000;2.594894;2.573059;2.572327;
399.500;2.59462;2.578308;2.569;
400.000;2.591766;2.574203;2.570755;
400.500;2.589279;2.578613;2.573166;
401.000;2.599167;2.575668;2.566376;
401.500;2.599319;2.57811;2.574448;
402.000;2.596069;2.582794;2.574234;
402.500;2.590149;2.579407;2.578033;
403.000;2.600006;2.580811;2.568192;
403.500;2.595932;2.584;2.570068;
404.000;2.594147;2.583786;2.569382;
404.500;2.596405;2.580154;2.575439;
405.000;2.596039;2.581924;2.577087;
405.500;2.595688;2.581116;2.574158;
406.000;2.59407;2.587341;2.577133;
406.500;2.601578;2.584549;2.583725;
407.000;2.598175;2.587952;2.575272;
407.500;2.604019;2.589447;2.580078;
408.000;2.594696;2.588364;2.575363;
408.500;2.597748;2.583313;2.581299;
409.000;2.599319;2.581696;2.581238;
409.500;2.59903;2.579361;2.574951;
410.000;2.600601;2.577072;2.577606;
410.500;2.597214;2.577789;2.579773;
411.000;2.60051;2.577927;2.573608;
411.500;2.600647;2.570633;2.580658;
412.000;2.599792;2.564133;2.58374;
412.500;2.601852;2.559204;2.584137;
413.000;2.599854;2.552567;2.579651;
413.500;2.602997;2.542953;2.580856;
414.000;2.611115;2.529404;2.590546;
414.500;2.600845;2.521988;2.590637;
415.000;2.601166;2.502686;2.588821;
415.500;2.603439;2.487534;2.58606;
416.000;2.606262;2.453232;2.584656;
416.500;2.608154;2.411728;2.58403;
417.000;2.610001;2.388016;2.588852;
417.500;2.612854;2.361618;2.589783;
418.000;2.611832;2.336777;2.587067;
418.500;2.612488;2.302673;2.587082;
419.000;2.606644;2.27243;2.58876;
419.500;2.60849;2.239334;2.588715;
420.000;2.610657;2.204803;2.588364;
420.500;2.61113;2.168777;2.591919;
421.000;2.614731;2.127228;2.59053;
421.500;2.609894;2.094025;2.588043;
422.000;2.607971;2.054962;2.590424;
422.500;2.612;2.017578;2.594849;
423.000;2.611572;1.97963;2.594635;
423.500;2.612122;1.937363;2.599182;
424.000;2.611008;1.900345;2.598892;
424.500;2.614853;1.861725;2.596085;
425.000;2.615768;1.825272;2.59613;
425.500;2.620575;1.790802;2.599182;
426.000;2.611526;1.753784;2.60112;
426.500;2.612625;1.719299;2.603882;
427.000;2.61377;1.68573;2.600937;
427.500;2.615005;1.651474;2.600403;
428.000;2.615189;1.618805;2.598541;
428.500;2.616409;1.588303;2.603134;
429.000;2.615448;1.557892;2.604355;
429.500;2.617126;1.525894;2.602875;
430.000;2.618423;1.494644;2.603012;
430.500;2.615097;1.465485;2.600891;
431.000;2.619705;1.436768;2.60463;
431.500;2.618164;1.409515;2.602295;
432.000;2.622742;1.382751;2.609009;
432.500;2.617859;1.356628;2.60759;
433.000;2.621796;1.330765;2.610672;
433.500;2.621994;1.306046;2.610153;
434.000;2.620743;1.28241;2.610901;
434.500;2.622177;1.259979;2.60939;
435.000;2.622162;1.237823;2.61171;
435.500;2.624008;1.215851;2.611343;
436.000;2.620224;1.194244;2.610458;
436.500;2.624176;1.173141;2.612015;
437.000;2.619751;1.152786;2.614014;
437.500;2.620453;1.132996;2.615921;
438.000;2.622345;1.114349;2.614212;
438.500;2.622391;1.097504;2.620285;
439.000;2.623489;1.078934;2.617752;
439.500;2.621246;1.060883;2.617783;
440.000;2.624359;1.043182;2.616257;
440.500;2.622452;1.027451;2.617722;
441.000;2.623322;1.011536;2.617462;
441.500;2.621353;0.9958649;2.615921;
442.000;2.621613;0.981308;2.62175;
442.500;2.620773;0.9671173;2.618195;
443.000;2.618454;0.952179;2.619873;
443.500;2.621796;0.9380035;2.622818;
444.000;2.618851;0.9245453;2.62085;
444.500;2.619202;0.9111938;2.623474;
445.000;2.619064;0.8988953;2.623856;
445.500;2.621353;0.8860779;2.624252;
446.000;2.621414;0.87323;2.623032;
446.500;2.621155;0.8612213;2.624969;
447.000;2.616928;0.8491516;2.625656;
447.500;2.616302;0.8368225;2.6315;
448.000;2.618988;0.8260651;2.625275;
448.500;2.616333;0.814621;2.627609;
449.000;2.617722;0.8031006;2.631516;
449.500;2.615662;0.7924042;2.630188;
450.000;2.613739;0.7814026;2.628326;
450.500;2.614014;0.7703552;2.629272;
451.000;2.611588;0.7601624;2.630646;
451.500;2.610168;0.7509003;2.63031;
452.000;2.605865;0.7410431;2.632385;
452.500;2.603806;0.7312622;2.629944;
453.000;2.604462;0.7214203;2.631714;
453.500;2.603302;0.7123413;2.631088;
454.000;2.597534;0.7033386;2.63147;
454.500;2.598923;0.6944275;2.630692;
455.000;2.596924;0.6857605;2.631012;
455.500;2.595337;0.6770782;2.636017;
456.000;2.59137;0.6685028;2.633896;
456.500;2.588379;0.6599884;2.630264;
457.000;2.587616;0.6515808;2.634369;
457.500;2.57959;0.6435089;2.635742;
458.000;2.581116;0.6357422;2.635437;
458.500;2.57605;0.6283112;2.63443;
459.000;2.573044;0.6209717;2.636688;
459.500;2.571075;0.613739;2.636642;
460.000;2.568649;0.6066589;2.635132;
460.500;2.563583;0.5988312;2.633163;
461.000;2.55899;0.5918884;2.636063;
461.500;2.556137;0.5850983;2.634766;
462.000;2.552536;0.578598;2.635788;
462.500;2.547333;0.5715942;2.637238;
463.000;2.543152;0.5648041;2.636002;
463.500;2.539566;0.5583038;2.632782;
464.000;2.533691;0.5516815;2.634949;
464.500;2.529129;0.5452728;2.635208;
465.000;2.523712;0.5393829;2.636017;
465.500;2.517136;0.5328674;2.632126;
466.000;2.512421;0.5269928;2.633499;
466.500;2.505066;0.5209503;2.631058;
467.000;2.49791;0.5150909;2.63208;
467.500;2.495621;0.5094452;2.628891;
468.000;2.488663;0.5037537;2.627365;
468.500;2.482666;0.4983826;2.627518;
469.000;2.476913;0.4928284;2.627701;
469.500;2.470078;0.4874725;2.625931;
470.000;2.462219;0.4817657;2.624054;
470.500;2.458588;0.4765778;2.62326;
471.000;2.450256;0.4711151;2.621445;
471.500;2.443756;0.4662323;2.616089;
472.000;2.438141;0.4610138;2.615463;
472.500;2.430893;0.4562531;2.614227;
473.000;2.422623;0.4510498;2.609207;
473.500;2.416779;0.4464111;2.605881;
474.000;2.408463;0.4415131;2.600998;
474.500;2.40181;0.4369965;2.598724;
475.000;2.39418;0.4322968;2.595856;
475.500;2.387115;0.427948;2.591614;
476.000;2.379272;0.4235535;2.587524;
476.500;2.372665;0.4189911;2.581863;
477.000;2.364227;0.4147797;2.574966;
477.500;2.356674;0.4104156;2.568161;
478.000;2.348663;0.4062653;2.557358;
478.500;2.342117;0.4023132;2.551056;
479.000;2.332672;0.3978729;2.540405;
479.500;2.325806;0.3937683;2.530579;
480.000;2.317871;0.3897552;2.518677;
480.500;2.309708;0.3858643;2.504776;
481.000;2.302475;0.3816376;2.490509;
481.500;2.294388;0.3778687;2.47406;
482.000;2.286621;0.374054;2.457367;
482.500;2.278351;0.3702545;2.443649;
483.000;2.27002;0.3665009;2.42395;
483.500;2.263153;0.3627625;2.404449;
484.000;2.254333;0.3591614;2.385971;
484.500;2.247513;0.3556061;2.365158;
485.000;2.239151;0.3519745;2.343689;
485.500;2.231354;0.3484192;2.323334;
486.000;2.223251;0.3448029;2.300964;
486.500;2.215942;0.3413239;2.278275;
487.000;2.208191;0.3379364;2.256424;
487.500;2.200836;0.3344574;2.235504;
488.000;2.192398;0.3309479;2.213318;
488.500;2.185165;0.3274994;2.191849;
489.000;2.176971;0.3240356;2.171432;
489.500;2.169296;0.3206329;2.151413;
490.000;2.162781;0.3175354;2.134491;
490.500;2.155289;0.3143921;2.117233;
491.000;2.14798;0.3111115;2.100693;
491.500;2.14035;0.3079376;2.085541;
492.000;2.133255;0.3047638;2.07077;
492.500;2.126114;0.301651;2.057251;
493.000;2.118347;0.2983246;2.043793;
493.500;2.111313;0.2952271;2.031708;
494.000;2.104446;0.2922821;2.020828;
494.500;2.097733;0.2892914;2.010132;
495.000;2.090652;0.2860565;1.998856;
495.500;2.083893;0.2828674;1.987869;
496.000;2.076538;0.279953;1.978302;
496.500;2.069824;0.2769012;1.968231;
497.000;2.062714;0.2737732;1.957779;
497.500;2.055984;0.2707672;1.947891;
498.000;2.049438;0.2679596;1.938889;
498.500;2.043091;0.2648926;1.929382;
499.000;2.036148;0.2617035;1.919434;
499.500;2.029007;0.2586212;1.910141;
500.000;2.022858;0.2557526;1.901489;
500.500;2.015945;0.2529449;1.893173;
501.000;2.00943;0.2500305;1.885086;
501.500;2.003357;0.2471008;1.876221;
502.000;1.996658;0.2441559;1.867874;
502.500;1.989716;0.2412262;1.859375;
503.000;1.983368;0.238266;1.850845;
503.500;1.977173;0.2354889;1.842514;
504.000;1.971649;0.2329559;1.834366;
504.500;1.966568;0.2301331;1.82486;
505.000;1.96048;0.2272339;1.813797;
505.500;1.953568;0.2241974;1.801666;
506.000;1.946945;0.2211456;1.787689;
506.500;1.941299;0.218399;1.773743;
507.000;1.935593;0.2157135;1.75824;
507.500;1.930084;0.213089;1.742188;
508.000;1.924362;0.2104034;1.724533;
508.500;1.918808;0.2077484;1.704849;
509.000;1.912674;0.2049713;1.682388;
509.500;1.906494;0.2021332;1.658234;
510.000;1.900894;0.1994934;1.634521;
510.500;1.895737;0.1969604;1.610962;
511.000;1.889603;0.1941528;1.58519;
511.500;1.884109;0.1915894;1.560349;
512.000;1.87851;0.1888733;1.534821;
512.500;1.872986;0.1860657;1.508652;
513.000;1.867371;0.1835022;1.484695;
513.500;1.861923;0.1808777;1.461029;
514.000;1.856735;0.1784363;1.43927;
514.500;1.851074;0.1758575;1.418304;
515.000;1.845627;0.1732788;1.398499;
515.500;1.839966;0.1706238;1.379471;
516.000;1.834274;0.1680145;1.362106;
516.500;1.829086;0.1654968;1.346115;
517.000;1.824326;0.1631927;1.332199;
517.500;1.819458;0.1607208;1.318741;
518.000;1.814636;0.1583862;1.306931;
518.500;1.809525;0.1560059;1.295822;
519.000;1.804398;0.153595;1.285782;
519.500;1.799377;0.1513062;1.277328;
520.000;1.79451;0.148941;1.269775;
520.500;1.789886;0.1466675;1.263672;
521.000;1.785049;0.1444244;1.258133;
521.500;1.780426;0.1421661;1.253555;
522.000;1.77565;0.1399231;1.250305;
522.500;1.770615;0.1376343;1.248245;
523.000;1.765991;0.135498;1.247391;
523.500;1.761383;0.1332703;1.247635;
524.000;1.756973;0.1312103;1.249054;
524.500;1.752625;0.1290588;1.251816;
525.000;1.748077;0.1269226;1.256058;
525.500;1.743698;0.1248474;1.261475;
526.000;1.739044;0.1227722;1.268814;
526.500;1.735138;0.1208649;1.277069;
527.000;1.731033;0.1189728;1.286865;
527.500;1.726715;0.1171417;1.297913;
528.000;1.722443;0.1152344;1.310303;
528.500;1.718414;0.1132355;1.323837;
529.000;1.714569;0.1113739;1.337753;
529.500;1.710373;0.1094055;1.353195;
530.000;1.706711;0.1075897;1.368103;
530.500;1.703064;0.105835;1.382813;
531.000;1.698761;0.1038818;1.398468;
531.500;1.694809;0.1021118;1.412094;
532.000;1.691238;0.1003265;1.42424;
532.500;1.687469;0.09863281;1.433853;
533.000;1.683716;0.09690857;1.441696;
533.500;1.680374;0.09524536;1.44696;
534.000;1.676605;0.09365845;1.44873;
534.500;1.673172;0.0920105;1.44722;
535.000;1.669418;0.09043884;1.442505;
535.500;1.665955;0.08888245;1.434464;
536.000;1.661697;0.08735657;1.421509;
536.500;1.65683;0.08583069;1.405151;
537.000;1.653336;0.08430481;1.387741;
537.500;1.649658;0.08283997;1.367493;
538.000;1.646011;0.08131409;1.345093;
538.500;1.642227;0.07989502;1.321411;
539.000;1.63858;0.07849121;1.296616;
539.500;1.635132;0.0771637;1.271179;
540.000;1.631897;0.07575989;1.245377;
540.500;1.628632;0.07441711;1.219391;
541.000;1.624985;0.07307434;1.193222;
541.500;1.621689;0.07185364;1.170059;
542.000;1.618164;0.07052612;1.146347;
542.500;1.614578;0.06929016;1.124481;
543.000;1.611267;0.06814575;1.103699;
543.500;1.607834;0.06694031;1.08432;
544.000;1.604355;0.06567383;1.065887;
544.500;1.600967;0.0645752;1.050262;
545.000;1.597656;0.0634613;1.036194;
545.500;1.594437;0.06234741;1.023132;
546.000;1.591049;0.06118774;1.011307;
546.500;1.587631;0.06010437;1.000977;
547.000;1.584366;0.05899048;0.9916534;
547.500;1.581314;0.0579071;0.9836121;
548.000;1.578354;0.05691528;0.9770813;
548.500;1.575104;0.05587769;0.9716187;
549.000;1.572098;0.05490112;0.9669952;
549.500;1.569153;0.05397034;0.9632874;
550.000;1.56636;0.05299377;0.9602051;
550.500;1.563507;0.05206299;0.9575348;
551.000;1.560623;0.05104065;0.9553833;
551.500;1.557755;0.05018616;0.9537659;
552.000;1.555054;0.04936218;0.9524841;
552.500;1.552231;0.04853821;0.951416;
553.000;1.5495;0.04763794;0.9506836;
553.500;1.546539;0.04679871;0.9499207;
554.000;1.543579;0.04595947;0.9493713;
554.500;1.540649;0.0451355;0.9488525;
555.000;1.538025;0.04429626;0.9482117;
555.500;1.535324;0.04345703;0.9475403;
556.000;1.532867;0.04275513;0.9467926;
556.500;1.530426;0.04205322;0.9458313;
557.000;1.528198;0.04139709;0.9447174;
557.500;1.525665;0.04071045;0.9433594;
558.000;1.523087;0.03996277;0.9415131;
558.500;1.520493;0.03926086;0.9394989;
559.000;1.518188;0.03855896;0.9372711;
559.500;1.515549;0.03793335;0.9346161;
560.000;1.513046;0.03729248;0.9316864;
560.500;1.510422;0.03656006;0.9281464;
561.000;1.507996;0.03594971;0.9243927;
561.500;1.50531;0.03535461;0.9202576;
562.000;1.502853;0.03477478;0.9160004;
562.500;1.500305;0.03421021;0.9112701;
563.000;1.497803;0.03361511;0.9064484;
563.500;1.495377;0.03305054;0.9009552;
564.000;1.492783;0.03242493;0.8956146;
564.500;1.490067;0.03181458;0.8901215;
565.000;1.487427;0.03135681;0.8842773;
565.500;1.485184;0.03086853;0.8786774;
566.000;1.482925;0.03041077;0.872757;
566.500;1.480347;0.02992249;0.8663483;
567.000;1.477585;0.02941895;0.8600159;
567.500;1.474487;0.0289917;0.8534241;
568.000;1.471756;0.02851868;0.8466034;
568.500;1.469238;0.02809143;0.8398438;
569.000;1.466736;0.02761841;0.8330841;
569.500;1.464111;0.02714539;0.8262787;
570.000;1.461517;0.02674866;0.8192596;
570.500;1.459106;0.02630615;0.8125305;
571.000;1.456512;0.02589417;0.806015;
571.500;1.453873;0.02549744;0.7996674;
572.000;1.451111;0.02507019;0.7934875;
572.500;1.448639;0.02470398;0.7876892;
573.000;1.445999;0.02432251;0.7819672;
573.500;1.443146;0.02400208;0.7767029;
574.000;1.440872;0.0236969;0.7716217;
574.500;1.438446;0.02330017;0.7668304;
575.000;1.435989;0.02301025;0.7625122;
575.500;1.433609;0.02270508;0.7584839;
576.000;1.431122;0.02241516;0.7545929;
576.500;1.428741;0.02207947;0.7510986;
577.000;1.42598;0.02171326;0.7477722;
577.500;1.423477;0.02140808;0.7453156;
578.000;1.420837;0.02105713;0.7429657;
578.500;1.418701;0.02079773;0.7412415;
579.000;1.416183;0.02055359;0.7399445;
579.500;1.413956;0.02030945;0.7389984;
580.000;1.41156;0.01997375;0.7385406;
580.500;1.409012;0.01971436;0.7386627;
581.000;1.406723;0.01948547;0.7392731;
581.500;1.404602;0.01921082;0.7404327;
582.000;1.402359;0.01899719;0.7421417;
582.500;1.399979;0.01873779;0.7443848;
583.000;1.397659;0.01849365;0.7470398;
583.500;1.395432;0.01829529;0.750412;
584.000;1.393356;0.01809692;0.7546997;
584.500;1.391266;0.01785278;0.7591095;
585.000;1.389313;0.01765442;0.7641907;
585.500;1.387115;0.01742554;0.769928;
586.000;1.385056;0.01727295;0.7763519;
586.500;1.38298;0.01712036;0.7834015;
587.000;1.380966;0.016922;0.790802;
587.500;1.379013;0.01673889;0.7985687;
588.000;1.377289;0.01660156;0.8067169;
588.500;1.375488;0.01638794;0.8155518;
589.000;1.373459;0.01615906;0.825058;
589.500;1.371292;0.01597595;0.8352356;
590.000;1.3694;0.01582336;0.8457031;
590.500;1.367798;0.01568604;0.8562164;
591.000;1.366119;0.01554871;0.8668671;
591.500;1.364273;0.0153656;0.8782349;
592.000;1.362335;0.01525879;0.8900146;
592.500;1.360703;0.01513672;0.9024506;
593.000;1.359222;0.01501465;0.9148865;
593.500;1.357452;0.01480103;0.927597;
594.000;1.355713;0.01478577;0.9403076;
594.500;1.354095;0.0145874;0.9534302;
595.000;1.352463;0.01445007;0.9666595;
595.500;1.350967;0.014328;0.9806061;
596.000;1.349716;0.01423645;0.9943848;
596.500;1.348358;0.01409912;1.008041;
597.000;1.346848;0.01393127;1.021194;
597.500;1.345428;0.01383972;1.034225;
598.000;1.344101;0.01377869;1.047028;
598.500;1.342682;0.01368713;1.059494;
599.000;1.341202;0.0135498;1.071472;
599.500;1.339584;0.01345825;1.08287;
600.000;1.33815;0.01338196;1.093277;
600.500;1.33696;0.01330566;1.103256;
601.000;1.335663;0.01322937;1.112595;
601.500;1.334152;0.01309204;1.121353;
602.000;1.332565;0.01296997;1.129257;
602.500;1.330933;0.01290894;1.135712;
603.000;1.329285;0.0128479;1.140945;
603.500;1.327591;0.01274109;1.145355;
604.000;1.325928;0.01264954;1.148697;
604.500;1.324387;0.0125885;1.150894;
605.000;1.322723;0.01248169;1.152084;
605.500;1.321243;0.01243591;1.152359;
606.000;1.319489;0.0124054;1.151611;
606.500;1.31752;0.01229858;1.14975;
607.000;1.315918;0.01222229;1.147217;
607.500;1.314209;0.01213074;1.143448;
608.000;1.312332;0.01211548;1.13884;
608.500;1.310501;0.01205444;1.133255;
609.000;1.308578;0.01196289;1.126938;
609.500;1.306732;0.01193237;1.11998;
610.000;1.304855;0.01185608;1.112198;
610.500;1.302673;0.01179504;1.103943;
611.000;1.300735;0.01168823;1.095016;
611.500;1.298798;0.0116272;1.085312;
612.000;1.296814;0.01158142;1.075119;
612.500;1.294708;0.01156616;1.065048;
613.000;1.292557;0.01153564;1.054321;
613.500;1.290604;0.01150513;1.043808;
614.000;1.288635;0.01135254;1.032776;
614.500;1.286667;0.0113678;1.021622;
615.000;1.284531;0.01135254;1.010025;
615.500;1.282303;0.01127625;0.9985199;
616.000;1.280106;0.01118469;0.9871674;
616.500;1.278122;0.01113892;0.9760437;
617.000;1.276108;0.01113892;0.9648438;
617.500;1.274033;0.01113892;0.95401;
618.000;1.271942;0.01113892;0.9436035;
618.500;1.27002;0.0111084;0.9334259;
619.000;1.26796;0.01112366;0.924057;
619.500;1.2659;0.01107788;0.9150238;
620.000;1.263885;0.01106262;0.9067841;
620.500;1.261902;0.01100159;0.8990479;
621.000;1.259979;0.01101685;0.891983;
621.500;1.258102;0.01091003;0.8855896;
622.000;1.256256;0.01089478;0.8800354;
622.500;1.254211;0.01087952;0.8752594;
623.000;1.252106;0.010849;0.8713531;
623.500;1.250153;0.01083374;0.8682098;
624.000;1.248383;0.01080322;0.865921;
624.500;1.24646;0.01080322;0.864502;
625.000;1.244507;0.01080322;0.8642426;
625.500;1.242676;0.01080322;0.864975;
626.000;1.240707;0.01078796;0.8668518;
626.500;1.2388;0.01072693;0.869751;
627.000;1.237076;0.01071167;0.8737946;
627.500;1.235275;0.01071167;0.8789673;
628.000;1.233521;0.01069641;0.8853302;
628.500;1.231796;0.01066589;0.8929596;
629.000;1.230087;0.01069641;0.9015198;
629.500;1.228409;0.01069641;0.9115601;
630.000;1.226669;0.01069641;0.9227295;
630.500;1.224899;0.01069641;0.9351044;
631.000;1.223145;0.01066589;0.9497681;
631.500;1.221466;0.01065063;0.964325;
632.000;1.220016;0.01063538;0.9804993;
632.500;1.218491;0.01063538;0.9996948;
633.000;1.217026;0.01068115;1.018738;
633.500;1.215744;0.01063538;1.039444;
634.000;1.214432;0.01057434;1.061981;
634.500;1.213074;0.01055908;1.087173;
635.000;1.21199;0.01055908;1.111145;
635.500;1.211044;0.01063538;1.137604;
636.000;1.210052;0.01063538;1.166092;
636.500;1.209045;0.0105896;1.196777;
637.000;1.208115;0.01055908;1.22876;
637.500;1.207123;0.01055908;1.265045;
638.000;1.206558;0.01057434;1.298813;
638.500;1.205994;0.01065063;1.334335;
639.000;1.205475;0.01065063;1.371536;
639.500;1.205109;0.01063538;1.410706;
640.000;1.204788;0.01065063;1.450195;
640.500;1.204727;0.01069641;1.491104;
641.000;1.204727;0.01068115;1.531998;
641.500;1.20462;0.01068115;1.574539;
642.000;1.204636;0.01068115;1.617294;
642.500;1.204865;0.01074219;1.661377;
643.000;1.205276;0.01069641;1.708389;
643.500;1.205856;0.01074219;1.755173;
644.000;1.20665;0.01077271;1.79863;
644.500;1.207397;0.01075745;1.841919;
645.000;1.208359;0.01075745;1.88446;
645.500;1.209381;0.01075745;1.927658;
646.000;1.210388;0.01081848;1.970596;
646.500;1.211502;0.01077271;2.015594;
647.000;1.212723;0.01083374;2.056595;
647.500;1.214111;0.01086426;2.094269;
648.000;1.215393;0.01091003;2.131439;
648.500;1.216843;0.01091003;2.171402;
649.000;1.218307;0.01092529;2.208542;
649.500;1.219681;0.01097107;2.243729;
650.000;1.22113;0.01098633;2.279663;
650.500;1.222626;0.01098633;2.312943;
651.000;1.223801;0.0110321;2.343811;
651.500;1.22522;0.01107788;2.374283;
652.000;1.226517;0.01107788;2.402969;
652.500;1.227753;0.01109314;2.432953;
653.000;1.229004;0.0111084;2.460861;
653.500;1.23024;0.01119995;2.488663;
654.000;1.231308;0.01124573;2.514496;
654.500;1.232117;0.01119995;2.538345;
655.000;1.233078;0.01124573;2.562546;
655.500;1.233841;0.01126099;2.584702;
656.000;1.234619;0.01135254;2.60611;
656.500;1.235458;0.0112915;2.625931;
657.000;1.236267;0.01130676;2.642807;
657.500;1.236771;0.0112915;2.658463;
658.000;1.237228;0.01132202;2.672089;
658.500;1.237579;0.01133728;2.684479;
659.000;1.237747;0.01141357;2.695282;
659.500;1.237808;0.01139832;2.704285;
660.000;1.2379;0.01141357;2.711884;
660.500;1.237869;0.01145935;2.717911;
661.000;1.237823;0.01147461;2.723083;
661.500;1.237564;0.01152039;2.726578;
662.000;1.237137;0.01158142;2.729721;
662.500;1.236465;0.01164246;2.731873;
663.000;1.235748;0.01168823;2.732697;
663.500;1.234985;0.01168823;2.733185;
664.000;1.233871;0.01168823;2.732819;
664.500;1.232697;0.01174927;2.731186;
665.000;1.231323;0.0118103;2.729248;
665.500;1.229584;0.01177979;2.725479;
666.000;1.227936;0.0118103;2.720627;
666.500;1.2258;0.01193237;2.714691;
667.000;1.223557;0.01200867;2.706833;
667.500;1.221375;0.01202393;2.696365;
668.000;1.219131;0.01211548;2.682587;
668.500;1.216797;0.01216125;2.665527;
669.000;1.214096;0.01225281;2.644516;
669.500;1.211456;0.01229858;2.617569;
670.000;1.208694;0.01234436;2.584305;
670.500;1.205673;0.01235962;2.542404;
671.000;1.202515;0.01243591;2.493317;
671.500;1.199387;0.01248169;2.434555;
672.000;1.196121;0.01252747;2.368088;
672.500;1.192749;0.01260376;2.293274;
673.000;1.189316;0.01268005;2.210724;
673.500;1.185654;0.01272583;2.11879;
674.000;1.182053;0.01275635;2.024841;
674.500;1.17836;0.01286316;1.927246;
675.000;1.174698;0.01293945;1.829544;
675.500;1.170914;0.01296997;1.731323;
676.000;1.167236;0.01301575;1.636871;
676.500;1.163361;0.01307678;1.540421;
677.000;1.15976;0.01312256;1.450592;
677.500;1.156097;0.01313782;1.363098;
678.000;1.152267;0.01318359;1.280472;
678.500;1.148315;0.01322937;1.20253;
679.000;1.144516;0.01329041;1.128265;
679.500;1.1409;0.01333618;1.057938;
680.000;1.137344;0.01342773;0.9930115;
680.500;1.133713;0.01345825;0.9305115;
681.000;1.130295;0.01353455;0.8764496;
681.500;1.126678;0.0135498;0.824585;
682.000;1.123199;0.01361084;0.7778473;
682.500;1.120041;0.01371765;0.7367249;
683.000;1.116684;0.01373291;0.6959534;
683.500;1.113205;0.01377869;0.6583099;
684.000;1.110062;0.01385498;0.6257019;
684.500;1.107086;0.01394653;0.5964966;
685.000;1.103912;0.01402283;0.5689392;
685.500;1.100876;0.01412964;0.5440369;
686.000;1.097916;0.0141449;0.522171;
686.500;1.095016;0.01416016;0.502533;
687.000;1.092148;0.01423645;0.484375;
687.500;1.089127;0.01434326;0.4673309;
688.000;1.086441;0.0144043;0.4531708;
688.500;1.083862;0.01452637;0.4404449;
689.000;1.081299;0.01455688;0.4286346;
689.500;1.078537;0.0145874;0.4176941;
690.000;1.07605;0.01460266;0.4071198;
690.500;1.0737;0.01463318;0.3983002;
691.000;1.071381;0.01470947;0.3905792;
691.500;1.068985;0.01475525;0.3833618;
692.000;1.066284;0.01480103;0.3762054;
692.500;1.06395;0.01490784;0.3703308;
693.000;1.061172;0.01495361;0.3648529;
693.500;1.058578;0.01495361;0.3594666;
694.000;1.056335;0.01498413;0.3549194;
694.500;1.054337;0.01507568;0.3508759;
695.000;1.051804;0.01507568;0.3466339;
695.500;1.049362;0.01513672;0.3429718;
696.000;1.04689;0.0151825;0.339386;
696.500;1.044403;0.01525879;0.3359375;
697.000;1.04184;0.01531982;0.3327637;
697.500;1.03952;0.01538086;0.3297882;
698.000;1.037109;0.01542664;0.3270264;
698.500;1.034561;0.01550293;0.3244934;
699.000;1.031937;0.01559448;0.3219757;
699.500;1.029358;0.01557922;0.3195648;
700.000;1.027115;0.01556396;0.3174744;
